{
  "best_global_step": null,
  "best_metric": null,
  "best_model_checkpoint": null,
  "epoch": 0.992,
  "eval_steps": 500,
  "global_step": 31,
  "is_hyper_param_search": false,
  "is_local_process_zero": true,
  "is_world_process_zero": true,
  "log_history": [
    {
      "epoch": 0.8,
      "grad_norm": 1.8969007730484009,
      "learning_rate": 4.8e-05,
      "loss": 3.3942,
      "mean_token_accuracy": 0.44415839344263075,
      "num_tokens": 514675.0,
      "step": 25
    }
  ],
  "logging_steps": 25,
  "max_steps": 31,
  "num_input_tokens_seen": 0,
  "num_train_epochs": 1,
  "save_steps": 25,
  "stateful_callbacks": {
    "TrainerControl": {
      "args": {
        "should_epoch_stop": false,
        "should_evaluate": false,
        "should_log": false,
        "should_save": true,
        "should_training_stop": true
      },
      "attributes": {}
    }
  },
  "total_flos": 906431248452096.0,
  "train_batch_size": 4,
  "trial_name": null,
  "trial_params": null
}
